CODE,BRANCH NAME,MAIL-ID,PHONE NO.,MANAGER NAME,CELL NUMBER,BRANCH ADDRESS
11200,HEAD OFFICE,"cdccbho@gmail.com, Cudbank@yahoomail.com",04142 295911,Vasantha,9842405824,"Head Office                   No.1 Beach Road, Cuddalore - 607 001 "
11202,BHUVANAGIRI,cdccbbhubank@gmail.com,04144 241389,Vijaya,9345253326,"Bhuvanagiri Branch No.11, Cuddalore Main Road, Bhuvanagiri  - 608 601 Chidambaram T.K."
11203,ERAIYUR,cdccberibank@gmail.com,04143 222278,P.Anthonysamy,8903192335,Eraiyur Branch Pennadam R.S. Eraiyur - 606111 Titakudi T.K.
11207,KATTUMANNAR KOIL,cdccbkmkbank@gmail.com,04144 262051,K.Murugan,9994532739,"Kattumanar Koil Branch No.44, Katcherry Road, K.M.Koil -608 300"
11208,KURINJIPADI,cdccbkpdbank@gmail.com,04142 258363,V.Thomos,9698148207,"Kurinjipady Branch No.31/58, New Vingayagar St.,  Kurinjipady - 607 302 Cuddalore T.K."
11213,NELLIKUPPAM,cdccbnkpmbank@gmail.com,04142 272364,V.Ramesh,9487865957,"Nellikuppam Branch No.581, Main Road, Kudithangi chavady, Nellikuppam - 607 109  Panruti T.K."
11214,NEYVELI MAIN,cdccbneymbank@gmail.com,04142 228264,K.Indhumathi,9487005223,"Neyveli Main Bazar Branch N.R.B. No.071, Main Bazar Block No.19 Neyveli - 607 803"
11215,CUDDALORE OT,cdccbotbank@gmail.com,04142 238184,P.Arul,9487141826,"Cuddalore O.T. Branch No.147,  Kasukadai St., Cuddalore O.T. - 607 003"
11216,PANRUTI,cdccbpanruti@gmail.com,04142 242668,K.Chithra,9976678669,"Panruti Branch No.138 / 67 Cuddalore Main Road,  Hospital Road, Panruti - 607 106 "
11217,PARANGIPETTAI,cdccbpptibank@gmail.com,04144 243364,R.Rajan,9042967748,Parangipettai Branch No.14 Keerakara Street Parangipettai - 608 502
11218,PENNADAM,cdccbpdmbank@gmail.com,04143 222348,R.Manivannan,9442512670,"Pennadam Branch No. 204 Virudhachalam Main Road, Pennadam - 606 105 Thittagudi TK"
11222,SRIMUSHNAM,cdccbsrmbank@gmail.com,04144 245237,S.Anandhan,9865299510,"Srimushnam Branch No. 49-C Bazaar Street, Srimushnam - 608 703 Kattumanarkudi TK"
11226,TIRUPAPULIYUR,cdccbtpprbank@gmail.com,04142 235574,S.Shanthi,9486749703,"Thirupapuliyur  Branch No. 56 Suburaya chetty Street, Thirupapuliyur  - 607 002"
11227,TITAGUDI,cdccbtitgbank@gmail.com,04143 255247,S.SenthilKumar,8300186122,"Thittagudi Branch  No. 83, Main Road, Opp: Taluk Office, Thittagudi."
11232,VRIDHACHALAM,cdccbvribank@gmail.com,04143 260245,S.Elango,9842336826,"Virudhachalam Branch No. 76, Cuddalore Main Road, Virudhachalam - 606 001"
11233,CHIDAMBARAM,cdccb.cdm@gmail.com,04144 222287,B.Sujatha,9443611554,"Chidambaram Branch No.48, South Car Street,  Chidambaram -  600 801."
11236,VADALUR,cdccbvdlbank@gmail.com,04142 259393,K.Sarala,9715478356,"Vadalur Branch R.G Building,  Opp : Bus stand, Vadalur - 607 303."
11238,MANJAKUPPAM,cdccbmjkmbank@gmail.com,04142 222058,N.G.Sundari,9600238153,"Manjakuppam Branch No. 90/91 G.K Complex, Nethaji Road, Cuddalore - 607 001."
11239,NEYVELI 5 BLOCK,cdccbney5bank@gmail.com,04142 252515,S.Indhumathi,9442936663,Neyveli V-Block Branch No. 275 - A Type III Quarters  Block-V Neyveli - 607 803
11241,SETHIYATHOPE,cdccbstpbank@gmail.com,04144 244370,P.Radha,9176099980,"Sethiyathoppu Branch No.107/4 Murugan Koil Street,  Sethiyathoppu - 608 702."
11242,MANTHARAKUPPAM,cdccbmdkmbank@gmail.com,04142 262494,P.Sridhar,9788081004,"Mantharakuppam Branch No. 116 Cuddalore Main Road, Mantharakuppam,  Neyveli - 607 802."
11244,THOLUDUR,cdccbthldbank@gmail.com,04143 257221,R.Tamilmaran,9442472303,"Tholudur Branch No. 2/3 North Street,  Tholudur - 606 303 Thittagudi T.K"
11245,SEMMANDALAM,cdccsmdbank@gmail.com,04144 290793,G.Srinivasan,9585547367,"Semmandalam Branch No.10 Friends Nagar,  Semmandalam,  Cuddalore - 607 001"
11246,MANGALAMPETTAI,cdccmangalampet@gmail.com,04143 244364,K.Kalaiselvan,9942428877,"Mangalampettai Branch No. 3/69, Vaisiar Street  Mangalampettai - 606 104.  Virudhachalam - T.K"
11247,KOOTHAPAKKAM,cdccbkpmbank@gmail.com,04142 224748,V.Panjamoorthy,9952655149,"Koothapakkam Branch No.145/40 Periyar Nagar, Koothapakkam, Cuddalore - 607 002"
11248,PUDUPALAYAM(17.6.10),cdccbpdpmbank@gmail.com,04142 232911,C.Krishnamoorthy,9942040010,Pudupalayam Branch No.3 Saravanabava Supermarket Campus  Pudupalayam Cuddalore-607 001 
11249,INDIRANAGAR,cdccbindiranagar@gmail.com,04142 280188,E.Sivagami Sundari,8675241048,"Indira Nagar Branch No,173, PTR Rajan Nagar, Gandhi Nagar. Vadakuthu,  Indira Nagar. Neyveli-607 308 "
11250,MANGALORE,cdccbmangalore@gmail.com,04143 248500,Ragunathan,9788964954,Mangalore no3/16 main road  Mangalore Tittagudi T.K   606108
